{"cameraMode":{"drawMode":0,"name":"Shaded","section":"Shading Mode"},"sceneLighting":false,"audioPlay":false,"sceneViewState":{"showFog":true,"showMaterialUpdate":false,"showSkybox":false,"showFlares":true,"showImageEffects":true,"showParticleSystems":true},"in2DMode":false,"pivot":{"x":0.10922050476074219,"y":1.8509998321533204,"z":0.0},"rotation":{"x":0.09608772397041321,"y":0.04306255653500557,"z":-0.004107366781681776,"w":0.994574785232544},"size":1.3787535429000855,"orthographic":false}