{"cameraMode":{"drawMode":0,"name":"Shaded","section":"Shading Mode"},"sceneLighting":true,"audioPlay":false,"sceneViewState":{"showFog":true,"showMaterialUpdate":false,"showSkybox":true,"showFlares":true,"showImageEffects":true,"showParticleSystems":true},"in2DMode":false,"pivot":{"x":-0.031581342220306399,"y":1.2319937944412232,"z":2.7922167778015138},"rotation":{"x":0.13295385241508485,"y":0.7060443758964539,"z":-0.13735373318195344,"w":0.6821389198303223},"size":1.4702787399291993,"orthographic":false}