{"cameraMode":{"drawMode":0,"name":"Shaded","section":"Shading Mode"},"sceneLighting":false,"audioPlay":false,"sceneViewState":{"showFog":true,"showMaterialUpdate":false,"showSkybox":false,"showFlares":true,"showImageEffects":true,"showParticleSystems":true},"in2DMode":false,"pivot":{"x":-0.07561444491147995,"y":2.6407265663146974,"z":-3.387808322906494},"rotation":{"x":0.10512349754571915,"y":-0.010669336654245854,"z":0.0011999913258478046,"w":0.9945447444915772},"size":1.8413649797439576,"orthographic":false}