{"cameraMode":{"drawMode":0,"name":"Shaded","section":"Shading Mode"},"sceneLighting":false,"audioPlay":false,"sceneViewState":{"showFog":true,"showMaterialUpdate":false,"showSkybox":false,"showFlares":true,"showImageEffects":true,"showParticleSystems":true},"in2DMode":false,"pivot":{"x":-4.43630313873291,"y":-0.19779743254184724,"z":8.915053367614746},"rotation":{"x":-0.023204263299703599,"y":-0.7096230387687683,"z":-0.02387450635433197,"w":0.7044081091880798},"size":2.60084867477417,"orthographic":false}