{"cameraMode":{"drawMode":0,"name":"Shaded","section":"Shading Mode"},"sceneLighting":false,"audioPlay":false,"sceneViewState":{"showFog":true,"showMaterialUpdate":false,"showSkybox":false,"showFlares":true,"showImageEffects":true,"showParticleSystems":true},"in2DMode":false,"pivot":{"x":0.40712970495224,"y":3.016528606414795,"z":225.89910888671876},"rotation":{"x":0.002727076644077897,"y":-0.9920072555541992,"z":0.12839506566524507,"w":0.019625620916485788},"size":0.515387773513794,"orthographic":false}