{"cameraMode":{"drawMode":0,"name":"Shaded","section":"Shading Mode"},"sceneLighting":true,"audioPlay":false,"sceneViewState":{"showFog":true,"showMaterialUpdate":false,"showSkybox":true,"showFlares":true,"showImageEffects":true,"showParticleSystems":true},"in2DMode":false,"pivot":{"x":19.23626136779785,"y":13.741714477539063,"z":97.23208618164063},"rotation":{"x":0.12368527054786682,"y":-0.6892926692962647,"z":0.1211431473493576,"w":0.7035487294197083},"size":0.9413354992866516,"orthographic":false}