{"cameraMode":{"drawMode":0,"name":"Shaded","section":"Shading Mode"},"sceneLighting":false,"audioPlay":false,"sceneViewState":{"showFog":true,"showMaterialUpdate":false,"showSkybox":false,"showFlares":true,"showImageEffects":true,"showParticleSystems":true},"in2DMode":false,"pivot":{"x":0.0038315418642014267,"y":1.0315542221069337,"z":0.5987058877944946},"rotation":{"x":0.05728570744395256,"y":-0.0062127080745995049,"z":0.0005508074536919594,"w":0.9984946250915527},"size":2.3172662258148195,"orthographic":false}