{"cameraMode":{"drawMode":0,"name":"Shaded","section":"Shading Mode"},"sceneLighting":false,"audioPlay":false,"sceneViewState":{"showFog":true,"showMaterialUpdate":false,"showSkybox":false,"showFlares":true,"showImageEffects":true,"showParticleSystems":true},"in2DMode":false,"pivot":{"x":-5.772512435913086,"y":0.8387839794158936,"z":-2.048468828201294},"rotation":{"x":0.09302207827568054,"y":-0.5241802334785461,"z":0.05690900981426239,"w":0.8451122045516968},"size":2.60084867477417,"orthographic":false}