{"cameraMode":{"drawMode":0,"name":"Shaded","section":"Shading Mode"},"sceneLighting":true,"audioPlay":false,"sceneViewState":{"showFog":true,"showMaterialUpdate":false,"showSkybox":true,"showFlares":true,"showImageEffects":true,"showParticleSystems":true},"in2DMode":false,"pivot":{"x":-0.8197013139724731,"y":1.3390604257583619,"z":4.889445781707764},"rotation":{"x":0.08252298086881638,"y":0.6466432809829712,"z":-0.06987374275922775,"w":0.7554762959480286},"size":1.4702787399291993,"orthographic":false}