{"cameraMode":{"drawMode":0,"name":"Shaded","section":"Shading Mode"},"sceneLighting":false,"audioPlay":false,"sceneViewState":{"showFog":true,"showMaterialUpdate":false,"showSkybox":false,"showFlares":true,"showImageEffects":true,"showParticleSystems":true},"in2DMode":false,"pivot":{"x":3.543142557144165,"y":3.503478527069092,"z":-26.382755279541017},"rotation":{"x":-0.11409401148557663,"y":-0.714348316192627,"z":0.11992303282022476,"w":-0.6805760860443115},"size":6.736670017242432,"orthographic":false}