{"cameraMode":{"drawMode":0,"name":"Shaded","section":"Shading Mode"},"sceneLighting":false,"audioPlay":false,"sceneViewState":{"showFog":true,"showMaterialUpdate":false,"showSkybox":false,"showFlares":true,"showImageEffects":true,"showParticleSystems":true},"in2DMode":false,"pivot":{"x":-0.5651561617851257,"y":1.888205885887146,"z":0.04862678423523903},"rotation":{"x":0.08717422187328339,"y":0.031157532706856729,"z":-0.002599950646981597,"w":0.9958500266075134},"size":1.3787535429000855,"orthographic":false}