{"cameraMode":{"drawMode":0,"name":"Shaded","section":"Shading Mode"},"sceneLighting":true,"audioPlay":false,"sceneViewState":{"showFog":true,"showMaterialUpdate":false,"showSkybox":true,"showFlares":true,"showImageEffects":true,"showParticleSystems":true},"in2DMode":false,"pivot":{"x":6.689645767211914,"y":1.896111249923706,"z":14.950963020324707},"rotation":{"x":-0.010323677211999894,"y":0.9197584986686707,"z":-0.025295034050941469,"w":-0.39251500368118288},"size":1.4702786207199097,"orthographic":false}