{"cameraMode":{"drawMode":0,"name":"Shaded","section":"Shading Mode"},"sceneLighting":false,"audioPlay":false,"sceneViewState":{"showFog":true,"showMaterialUpdate":false,"showSkybox":false,"showFlares":true,"showImageEffects":true,"showParticleSystems":true},"in2DMode":false,"pivot":{"x":-2.7642710208892824,"y":0.3035214841365814,"z":-1.4499367475509644},"rotation":{"x":0.11511074006557465,"y":0.6731104850769043,"z":-0.1070275753736496,"w":0.7228460907936096},"size":1.3787535429000855,"orthographic":false}