{"cameraMode":{"drawMode":0,"name":"Shaded","section":"Shading Mode"},"sceneLighting":false,"audioPlay":false,"sceneViewState":{"showFog":true,"showMaterialUpdate":false,"showSkybox":false,"showFlares":true,"showImageEffects":true,"showParticleSystems":true},"in2DMode":false,"pivot":{"x":-0.22200271487236024,"y":1.1588655710220338,"z":1.302141785621643},"rotation":{"x":0.09608772397041321,"y":0.04306255653500557,"z":-0.004107366781681776,"w":0.994574785232544},"size":1.9768741130828858,"orthographic":false}