{"cameraMode":{"drawMode":0,"name":"Shaded","section":"Shading Mode"},"sceneLighting":false,"audioPlay":false,"sceneViewState":{"showFog":true,"showMaterialUpdate":false,"showSkybox":false,"showFlares":true,"showImageEffects":true,"showParticleSystems":true},"in2DMode":false,"pivot":{"x":0.06974417716264725,"y":0.7636244297027588,"z":-0.4143948554992676},"rotation":{"x":-0.038684453815221789,"y":0.007257665041834116,"z":0.00035384789225645363,"w":0.9993676543235779},"size":1.8413649797439576,"orthographic":false}