{"cameraMode":{"drawMode":0,"name":"Shaded","section":"Shading Mode"},"sceneLighting":false,"audioPlay":false,"sceneViewState":{"showFog":true,"showMaterialUpdate":false,"showSkybox":false,"showFlares":true,"showImageEffects":true,"showParticleSystems":true},"in2DMode":false,"pivot":{"x":0.2549777030944824,"y":0.308172345161438,"z":0.19657784700393678},"rotation":{"x":0.08452928811311722,"y":0.6462323665618897,"z":-0.07209474593400955,"w":0.7552195191383362},"size":2.3172662258148195,"orthographic":false}