{"cameraMode":{"drawMode":0,"name":"Shaded","section":"Shading Mode"},"sceneLighting":false,"audioPlay":false,"sceneViewState":{"showFog":true,"showMaterialUpdate":false,"showSkybox":false,"showFlares":true,"showImageEffects":true,"showParticleSystems":true},"in2DMode":false,"pivot":{"x":1.9666643142700196,"y":1.3140853643417359,"z":0.1807662844657898},"rotation":{"x":0.0375649519264698,"y":0.6310863494873047,"z":-0.03035992942750454,"w":0.7744085192680359},"size":2.3172662258148195,"orthographic":false}