{"cameraMode":{"drawMode":0,"name":"Shaded","section":"Shading Mode"},"sceneLighting":false,"audioPlay":false,"sceneViewState":{"showFog":true,"showMaterialUpdate":false,"showSkybox":false,"showFlares":true,"showImageEffects":true,"showParticleSystems":true},"in2DMode":false,"pivot":{"x":-0.1387237310409546,"y":2.000647783279419,"z":-1.8344919681549073},"rotation":{"x":0.04829634353518486,"y":0.011757302097976208,"z":-0.0005290961125865579,"w":0.9989144206047058},"size":1.3787535429000855,"orthographic":false}