{"cameraMode":{"drawMode":0,"name":"Shaded","section":"Shading Mode"},"sceneLighting":false,"audioPlay":false,"sceneViewState":{"showFog":true,"showMaterialUpdate":false,"showSkybox":false,"showFlares":true,"showImageEffects":true,"showParticleSystems":true},"in2DMode":false,"pivot":{"x":-2.0166163444519045,"y":2.1049916744232179,"z":1.3256797790527344},"rotation":{"x":-0.018189404159784318,"y":-0.6833124756813049,"z":0.016147980466485025,"w":-0.7301241159439087},"size":1.0071561336517335,"orthographic":false}