{"cameraMode":{"drawMode":0,"name":"Shaded","section":"Shading Mode"},"sceneLighting":false,"audioPlay":false,"sceneViewState":{"showFog":true,"showMaterialUpdate":false,"showSkybox":false,"showFlares":true,"showImageEffects":true,"showParticleSystems":true},"in2DMode":false,"pivot":{"x":-0.11952466517686844,"y":2.088514804840088,"z":-1.3511662483215333},"rotation":{"x":0.05429110676050186,"y":0.001267595449462533,"z":0.00000873781755217351,"w":0.9986696243286133},"size":0.9749900698661804,"orthographic":false}