{"cameraMode":{"drawMode":0,"name":"Shaded","section":"Shading Mode"},"sceneLighting":true,"audioPlay":false,"sceneViewState":{"showFog":true,"showMaterialUpdate":false,"showSkybox":true,"showFlares":true,"showImageEffects":true,"showParticleSystems":true},"in2DMode":false,"pivot":{"x":-1.7889535427093506,"y":1.3842846155166627,"z":-6.46562385559082},"rotation":{"x":-0.12825524806976319,"y":-0.7018086314201355,"z":0.1308974176645279,"w":-0.689024806022644},"size":6.736670017242432,"orthographic":false}