{"cameraMode":{"drawMode":0,"name":"Shaded","section":"Shading Mode"},"sceneLighting":false,"audioPlay":false,"sceneViewState":{"showFog":true,"showMaterialUpdate":false,"showSkybox":false,"showFlares":true,"showImageEffects":true,"showParticleSystems":true},"in2DMode":false,"pivot":{"x":-2.14904522895813,"y":2.0567164421081545,"z":1.987114429473877},"rotation":{"x":-0.03201265633106232,"y":-0.48738694190979006,"z":0.017152128741145135,"w":-0.8727675080299377},"size":1.0071561336517335,"orthographic":false}