{"cameraMode":{"drawMode":0,"name":"Shaded","section":"Shading Mode"},"sceneLighting":false,"audioPlay":false,"sceneViewState":{"showFog":true,"showMaterialUpdate":false,"showSkybox":false,"showFlares":true,"showImageEffects":true,"showParticleSystems":true},"in2DMode":false,"pivot":{"x":18.11908721923828,"y":0.7842056751251221,"z":228.01904296875},"rotation":{"x":-0.06519686430692673,"y":-0.24223913252353669,"z":0.016286274418234826,"w":-0.9683804512023926},"size":0.979775071144104,"orthographic":false}