{"cameraMode":{"drawMode":0,"name":"Shaded","section":"Shading Mode"},"sceneLighting":false,"audioPlay":false,"sceneViewState":{"showFog":true,"showMaterialUpdate":false,"showSkybox":false,"showFlares":true,"showImageEffects":true,"showParticleSystems":true},"in2DMode":false,"pivot":{"x":0.8794494271278381,"y":2.334768056869507,"z":6.719194412231445},"rotation":{"x":-0.06345085054636002,"y":0.6822693943977356,"z":-0.059012074023485187,"w":-0.7265984416007996},"size":7.020253658294678,"orthographic":false}