{"cameraMode":{"drawMode":0,"name":"Shaded","section":"Shading Mode"},"sceneLighting":false,"audioPlay":false,"sceneViewState":{"showFog":true,"showMaterialUpdate":false,"showSkybox":false,"showFlares":true,"showImageEffects":true,"showParticleSystems":true},"in2DMode":false,"pivot":{"x":-0.3095819056034088,"y":1.964345932006836,"z":-1.5946199893951417},"rotation":{"x":0.03868089243769646,"y":-0.7275018095970154,"z":0.04227595031261444,"w":0.6841635704040527},"size":0.36142081022262576,"orthographic":false}