{"cameraMode":{"drawMode":0,"name":"Shaded","section":"Shading Mode"},"sceneLighting":false,"audioPlay":false,"sceneViewState":{"showFog":true,"showMaterialUpdate":false,"showSkybox":false,"showFlares":true,"showImageEffects":true,"showParticleSystems":true},"in2DMode":false,"pivot":{"x":-0.5344918966293335,"y":2.202979564666748,"z":1.1615828275680543},"rotation":{"x":0.04600360617041588,"y":0.7249047756195068,"z":-0.04771939292550087,"w":0.686077356338501},"size":0.4071561396121979,"orthographic":false}